체결시간,BongFlag,가격,봉카운트,거래내역
125107,True,27.06,0,
125107,False,27.06,0,
125110,False,27.06,0,
125112,False,27.06,0,
125112,False,27.06,0,
125112,False,27.07,0,
125112,False,27.07,0,
125113,False,27.07,0,
125113,False,27.07,0,
125117,False,27.06,0,
125117,False,27.06,0,
125117,False,27.06,0,
125117,False,27.06,0,
125117,False,27.06,0,
125120,False,27.07,0,
125125,False,27.07,0,
125125,False,27.07,0,
125125,False,27.07,0,
125125,False,27.07,0,
125125,False,27.07,0,
125131,False,27.07,0,
125139,False,27.08,0,
125139,False,27.08,0,
125144,False,27.09,0,
125149,False,27.09,0,
125149,False,27.09,0,
125214,True,27.09,1,
125232,False,27.1,1,
125303,True,27.08,2,
125308,False,27.09,2,
125312,False,27.09,2,
125320,False,27.09,2,
125332,False,27.09,2,
125332,False,27.09,2,
125342,False,27.09,2,
125344,False,27.09,2,
125345,False,27.1,2,
125348,False,27.09,2,
125349,False,27.1,2,
125355,False,27.1,2,
125356,False,27.11,2,
125403,True,27.1,3,
125407,False,27.1,3,
125416,False,27.11,3,
125510,True,27.09,3,
125516,False,27.1,3,
125531,False,27.1,3,
125535,False,27.1,3,
125538,False,27.1,3,
125538,False,27.1,3,
125538,False,27.1,3,
125546,False,27.1,3,
125557,False,27.1,3,
125602,True,27.09,4,
125606,False,27.09,4,
125606,False,27.09,4,
125623,False,27.09,4,
125626,False,27.09,4,
125642,False,27.08,4,
125642,False,27.08,4,
125642,False,27.08,4,
125642,False,27.08,4,
125648,False,27.08,4,
125649,False,27.08,4,
125651,False,27.08,4,
125703,True,27.09,4,매도 진입: $27.06에 예약
125703,True,27.09,-1,
125711,False,27.09,-1,
125711,False,27.09,-1,
125711,False,27.09,-1,
125712,False,27.09,-1,
125713,False,27.09,-1,
125717,False,27.09,-1,
125719,False,27.09,-1,
125722,False,27.08,-1,
125722,False,27.08,-1,
125743,False,27.09,-1,
125800,True,27.08,-1,
125800,False,27.07,-1,
125800,False,27.06,-1,opt2r_익절 $27.09에 매도 후 $27.06에 매수
125800,False,27.06,-1,
125800,False,27.06,-1,
125800,False,27.07,-1,
125800,False,27.06,-1,
125800,False,27.06,-1,
125800,False,27.06,-1,
125801,False,27.05,-1,
125802,False,27.06,-1,
125806,False,27.05,-1,
125806,False,27.05,-1,
125809,False,27.06,-1,
125809,False,27.06,-1,
125813,False,27.05,-1,
125820,False,27.05,-1,
125820,False,27.05,-1,
125820,False,27.05,-1,
125820,False,27.05,-1,
125821,False,27.05,-1,
125821,False,27.05,-1,
125821,False,27.05,-1,
125821,False,27.05,-1,
125821,False,27.05,-1,
125822,False,27.05,-1,
125826,False,27.06,-1,
125826,False,27.06,-1,
125826,False,27.06,-1,
125827,False,27.06,-1,
125827,False,27.06,-1,
125827,False,27.06,-1,
125827,False,27.06,-1,
125829,False,27.06,-1,
125833,False,27.06,-1,
125839,False,27.06,-1,
125847,False,27.07,-1,
125847,False,27.07,-1,
125847,False,27.07,-1,
125847,False,27.07,-1,
125847,False,27.07,-1,
125852,False,27.06,-1,
125852,False,27.06,-1,
125857,False,27.05,-1,
125908,True,27.05,-2,
125909,False,27.05,-2,
125919,False,27.04,-2,
125919,False,27.04,-2,
125919,False,27.04,-2,
125919,False,27.04,-2,
125920,False,27.04,-2,
125922,False,27.04,-2,
125923,False,27.05,-2,
125932,False,27.04,-2,
125935,False,27.04,-2,
125936,False,27.04,-2,
125954,False,27.04,-2,
125955,False,27.05,-2,
125955,False,27.05,-2,
125955,False,27.05,-2,
125955,False,27.05,-2,
125955,False,27.05,-2,
125959,False,27.05,-2,
130000,True,27.05,-2,
130007,False,27.05,-2,
130009,False,27.05,-2,
130017,False,27.05,-2,
130017,False,27.05,-2,
130025,False,27.05,-2,
130027,False,27.05,-2,
130030,False,27.05,-2,
130030,False,27.06,-2,
130112,True,27.06,-2,
130123,False,27.05,-2,
130136,False,27.06,-2,
130144,False,27.06,-2,
130145,False,27.06,-2,
130215,True,27.05,-2,
130215,False,27.05,-2,
130232,False,27.05,-2,
130242,False,27.04,-2,
130242,False,27.04,-2,
130244,False,27.04,-2,
130257,False,27.04,-2,
130257,False,27.04,-2,
130309,True,27.04,-3,
130309,False,27.04,-3,
130309,False,27.04,-3,
130309,False,27.04,-3,
130324,False,27.06,-3,
130325,False,27.05,-3,
130325,False,27.05,-3,
130334,False,27.05,-3,
130342,False,27.06,-3,
130342,False,27.06,-3,
130349,False,27.07,-3,
130349,False,27.07,-3,
130354,False,27.07,-3,
130356,False,27.07,-3,
130356,False,27.07,-3,
130402,True,27.07,-3,매수 진입: $27.1에 예약
130402,True,27.07,1,
130403,False,27.06,1,
130415,False,27.06,1,
130417,False,27.06,1,
130430,False,27.07,1,
130430,False,27.07,1,
130447,False,27.07,1,
130447,False,27.07,1,
130447,False,27.07,1,
130542,True,27.07,1,
130542,False,27.07,1,
130542,False,27.07,1,
130542,False,27.07,1,
130542,False,27.07,1,
130542,False,27.07,1,
130549,False,27.08,1,
130551,False,27.09,1,
130556,False,27.09,1,
130601,True,27.09,2,
130606,False,27.09,2,
130606,False,27.09,2,
130620,False,27.1,2,opt2_익절 $27.07에 매수 후 $27.1에 매도
130620,False,27.1,2,
130620,False,27.1,2,
130620,False,27.1,2,
130623,False,27.1,2,
130636,False,27.1,2,
130639,False,27.1,2,
130641,False,27.1,2,
130650,False,27.09,2,
130651,False,27.1,2,
130654,False,27.09,2,
130655,False,27.09,2,
130656,False,27.09,2,
130704,True,27.09,2,
130705,False,27.1,2,
130731,False,27.1,2,
130737,False,27.1,2,
130742,False,27.11,2,
130742,False,27.11,2,
130748,False,27.1,2,
130748,False,27.1,2,
130800,True,27.1,3,
130800,False,27.1,3,
130800,False,27.1,3,
130800,False,27.11,3,
130800,False,27.1,3,
130800,False,27.11,3,
130818,False,27.11,3,
130818,False,27.11,3,
130818,False,27.11,3,
130818,False,27.11,3,
130818,False,27.11,3,
130818,False,27.11,3,
130818,False,27.11,3,
130818,False,27.11,3,
130818,False,27.11,3,
130823,False,27.12,3,
130837,False,27.12,3,
130840,False,27.11,3,
130840,False,27.11,3,
130842,False,27.1,3,
130853,False,27.1,3,
130914,True,27.1,3,
130923,False,27.1,3,
130923,False,27.1,3,
130928,False,27.11,3,
130934,False,27.1,3,
130934,False,27.09,3,
130935,False,27.1,3,
130942,False,27.11,3,
130945,False,27.11,3,
130948,False,27.11,3,
130958,False,27.12,3,
130959,False,27.11,3,
131012,True,27.12,3,
131016,False,27.12,3,
131045,False,27.12,3,
131057,False,27.12,3,
131111,True,27.12,3,
131111,False,27.12,3,
131125,False,27.12,3,
131130,False,27.12,3,
131149,False,27.13,3,
131149,False,27.13,3,
131149,False,27.13,3,
131149,False,27.13,3,
131149,False,27.13,3,
131149,False,27.13,3,
131149,False,27.13,3,
131151,False,27.14,3,
131151,False,27.14,3,
131151,False,27.15,3,
131151,False,27.15,3,
131157,False,27.15,3,
131157,False,27.15,3,
131206,True,27.15,4,
131210,False,27.15,4,
131214,False,27.15,4,
131218,False,27.15,4,
131218,False,27.16,4,
131218,False,27.17,4,
131218,False,27.17,4,
131218,False,27.17,4,
131218,False,27.17,4,
131218,False,27.16,4,
131218,False,27.16,4,
131218,False,27.17,4,
131218,False,27.16,4,
131218,False,27.16,4,
131219,False,27.16,4,
131219,False,27.15,4,
131219,False,27.16,4,
131220,False,27.15,4,
131223,False,27.17,4,
131255,False,27.15,4,
131255,False,27.15,4,
131300,True,27.15,4,
131300,False,27.15,4,
131308,False,27.15,4,
131309,False,27.15,4,
131320,False,27.16,4,
131323,False,27.16,4,
131352,False,27.16,4,
131356,False,27.16,4,
131402,True,27.16,5,
131402,False,27.16,5,
131402,False,27.16,5,
131402,False,27.16,5,
131405,False,27.16,5,
131405,False,27.16,5,
131409,False,27.16,5,
131419,False,27.16,5,
131428,False,27.16,5,
131429,False,27.16,5,
131436,False,27.15,5,
131436,False,27.15,5,
131436,False,27.15,5,
131444,False,27.15,5,
131446,False,27.15,5,
131446,False,27.15,5,
131446,False,27.15,5,
131446,False,27.15,5,
131446,False,27.15,5,
131500,True,27.15,5,매도 진입: $27.12에 예약
131500,True,27.15,-1,
131502,False,27.15,-1,
131507,False,27.15,-1,
131520,False,27.14,-1,
131520,False,27.14,-1,
131520,False,27.14,-1,
131520,False,27.14,-1,
131520,False,27.14,-1,
131520,False,27.14,-1,
131520,False,27.14,-1,
131520,False,27.14,-1,
131523,False,27.14,-1,
131524,False,27.14,-1,
131525,False,27.14,-1,
131529,False,27.14,-1,
131529,False,27.14,-1,
131539,False,27.14,-1,
131546,False,27.14,-1,
131550,False,27.14,-1,
131553,False,27.14,-1,
131554,False,27.14,-1,
131606,True,27.14,-1,
131606,False,27.14,-1,
131607,False,27.14,-1,
131622,False,27.15,-1,
131627,False,27.13,-1,
131627,False,27.13,-1,
131627,False,27.13,-1,
131627,False,27.13,-1,
131627,False,27.13,-1,
131628,False,27.13,-1,
131630,False,27.13,-1,
131630,False,27.13,-1,
131631,False,27.14,-1,
131649,False,27.13,-1,
131649,False,27.13,-1,
131650,False,27.13,-1,
131650,False,27.13,-1,
131702,True,27.12,-2,
131703,False,27.12,-2,
131703,False,27.12,-2,
131706,False,27.13,-2,
131711,False,27.11,-2,
131711,False,27.1,-2,opt2r_익절 $27.15에 매도 후 $27.1에 매수
131711,False,27.1,-2,
131711,False,27.1,-2,
131711,False,27.11,-2,
131712,False,27.11,-2,
131712,False,27.11,-2,
131712,False,27.11,-2,
131720,False,27.12,-2,
131720,False,27.12,-2,
131724,False,27.11,-2,
131736,False,27.11,-2,
131802,True,27.12,-3,
131805,False,27.12,-3,
131813,False,27.12,-3,
131830,False,27.13,-3,
131849,False,27.13,-3,
131850,False,27.13,-3,
131856,False,27.14,-3,
131856,False,27.14,-3,
131857,False,27.14,-3,
131857,False,27.14,-3,
131905,True,27.14,-3,매수 진입: $27.17에 예약
131905,True,27.14,1,
131908,False,27.13,1,
131908,False,27.13,1,
131908,False,27.13,1,
131918,False,27.13,1,
131918,False,27.13,1,
131918,False,27.13,1,
131928,False,27.14,1,
131945,False,27.13,1,
131947,False,27.13,1,
131950,False,27.13,1,
131954,False,27.13,1,
131959,False,27.13,1,
132007,True,27.13,-1,
132009,False,27.13,-1,
132011,False,27.13,-1,
132021,False,27.12,-1,
132026,False,27.13,-1,
132026,False,27.13,-1,
132026,False,27.13,-1,
132029,False,27.13,-1,
132106,True,27.13,-1,opt3_손절 $27.14에 매수 후 $27.13에 매도
132106,True,27.13,-1,
132106,False,27.12,-1,
132106,False,27.12,-1,
132106,False,27.12,-1,
132109,False,27.13,-1,
132109,False,27.13,-1,
132135,False,27.14,-1,
132135,False,27.14,-1,
132137,False,27.14,-1,
132137,False,27.14,-1,
132137,False,27.14,-1,
132137,False,27.14,-1,
132138,False,27.14,-1,
132142,False,27.15,-1,
132144,False,27.15,-1,
132146,False,27.16,-1,
132155,False,27.17,-1,
132155,False,27.17,-1,
132155,False,27.17,-1,
132159,False,27.17,-1,
132201,True,27.17,1,
132201,False,27.16,1,
132202,False,27.16,1,
132209,False,27.16,1,
132217,False,27.16,1,
132227,False,27.17,1,
132235,False,27.17,1,
132310,True,27.17,1,
132310,False,27.17,1,
132310,False,27.17,1,
132310,False,27.17,1,
132342,False,27.16,1,
132355,False,27.17,1,
132357,False,27.16,1,
132400,True,27.16,-1,
132415,False,27.16,-1,
132415,False,27.16,-1,
132415,False,27.16,-1,
132417,False,27.16,-1,
132417,False,27.16,-1,
132417,False,27.16,-1,
132427,False,27.15,-1,
132427,False,27.15,-1,
132428,False,27.15,-1,
132431,False,27.15,-1,
132431,False,27.15,-1,
132433,False,27.15,-1,
132434,False,27.15,-1,
132437,False,27.16,-1,
132442,False,27.16,-1,
132442,False,27.16,-1,
132452,False,27.16,-1,
132500,True,27.16,-1,
132513,False,27.16,-1,
132541,False,27.16,-1,
132546,False,27.16,-1,
132546,False,27.16,-1,
132558,False,27.16,-1,
132601,True,27.16,-1,
132601,False,27.16,-1,
132605,False,27.16,-1,
132608,False,27.16,-1,
132615,False,27.16,-1,
132615,False,27.16,-1,
132615,False,27.16,-1,
132621,False,27.16,-1,
132628,False,27.16,-1,
132701,True,27.16,-1,
132701,False,27.16,-1,
132701,False,27.16,-1,
132701,False,27.16,-1,
132702,False,27.15,-1,
132702,False,27.15,-1,
132702,False,27.15,-1,
132703,False,27.16,-1,
132718,False,27.17,-1,
132722,False,27.16,-1,
132722,False,27.16,-1,
132725,False,27.16,-1,
132725,False,27.16,-1,
132725,False,27.16,-1,
132725,False,27.16,-1,
132725,False,27.16,-1,
132727,False,27.16,-1,
132735,False,27.17,-1,
132744,False,27.16,-1,
132750,False,27.16,-1,
132808,True,27.16,-1,
132821,False,27.16,-1,
132840,False,27.16,-1,
132840,False,27.15,-1,
132840,False,27.15,-1,
132840,False,27.15,-1,
132840,False,27.15,-1,
132840,False,27.15,-1,
132841,False,27.15,-1,
132841,False,27.16,-1,
132841,False,27.15,-1,
132855,False,27.16,-1,
132905,True,27.16,-1,
132923,False,27.17,-1,
132948,False,27.16,-1,
132948,False,27.16,-1,
133003,True,27.16,-1,
133015,False,27.16,-1,
133015,False,27.16,-1,
133019,False,27.16,-1,
133028,False,27.16,-1,
133029,False,27.16,-1,
133029,False,27.16,-1,
133041,False,27.15,-1,
133041,False,27.15,-1,
133041,False,27.14,-1,
133041,False,27.14,-1,
133042,False,27.14,-1,
133042,False,27.15,-1,
133044,False,27.14,-1,
133045,False,27.14,-1,
133047,False,27.14,-1,
133047,False,27.13,-1,
133047,False,27.13,-1,
133052,False,27.15,-1,
133052,False,27.15,-1,
133053,False,27.15,-1,
133053,False,27.15,-1,
133053,False,27.14,-1,
133053,False,27.14,-1,
133055,False,27.15,-1,
133058,False,27.15,-1,
133058,False,27.16,-1,
133058,False,27.16,-1,
133059,False,27.16,-1,
133103,True,27.16,-1,
133104,False,27.16,-1,
133104,False,27.16,-1,
133116,False,27.15,-1,
133116,False,27.15,-1,
133116,False,27.15,-1,
133116,False,27.15,-1,
133119,False,27.15,-1,
133130,False,27.15,-1,
133142,False,27.15,-1,
133142,False,27.16,-1,
133147,False,27.17,-1,
133147,False,27.17,-1,
133147,False,27.18,-1,
133147,False,27.18,-1,
133147,False,27.17,-1,
133200,True,27.17,1,
133200,False,27.17,1,
133200,False,27.18,1,
133200,False,27.18,1,
133205,False,27.18,1,
133207,False,27.17,1,
133207,False,27.17,1,
133207,False,27.17,1,
133207,False,27.17,1,
133231,False,27.16,1,
133231,False,27.16,1,
133233,False,27.16,1,
133237,False,27.17,1,
133237,False,27.17,1,
133239,False,27.17,1,
133240,False,27.17,1,
133246,False,27.18,1,
133249,False,27.17,1,
133249,False,27.16,1,
133253,False,27.17,1,
133254,False,27.16,1,
133311,True,27.17,-1,
133311,False,27.18,-1,
133331,False,27.18,-1,
133336,False,27.18,-1,
133348,False,27.18,-1,
133404,True,27.17,-1,
133412,False,27.18,-1,
133417,False,27.18,-1,
133427,False,27.17,-1,
133427,False,27.17,-1,
133427,False,27.17,-1,
133437,False,27.17,-1,
133437,False,27.17,-1,
133504,True,27.17,-1,
133507,False,27.17,-1,
133509,False,27.16,-1,
133522,False,27.15,-1,
133522,False,27.15,-1,
133522,False,27.16,-1,
133525,False,27.15,-1,
133525,False,27.15,-1,
133526,False,27.15,-1,
133534,False,27.16,-1,
133534,False,27.16,-1,
133536,False,27.15,-1,
133536,False,27.15,-1,
133536,False,27.15,-1,
133536,False,27.15,-1,
133536,False,27.15,-1,
133543,False,27.14,-1,
133543,False,27.14,-1,
133543,False,27.14,-1,
133545,False,27.15,-1,
133548,False,27.14,-1,
133548,False,27.14,-1,
133550,False,27.14,-1,
133558,False,27.13,-1,
133558,False,27.13,-1,
133558,False,27.13,-1,
133558,False,27.13,-1,
133600,True,27.12,-2,
133603,False,27.12,-2,
133603,False,27.12,-2,
133609,False,27.11,-2,
133612,False,27.11,-2,
133616,False,27.11,-2,
133616,False,27.11,-2,
133620,False,27.11,-2,
133624,False,27.11,-2,
133631,False,27.11,-2,
133649,False,27.1,-2,
133649,False,27.1,-2,
133649,False,27.09,-2,
133649,False,27.09,-2,
133653,False,27.09,-2,
133653,False,27.09,-2,
133653,False,27.1,-2,
133654,False,27.1,-2,
133657,False,27.08,-2,
133657,False,27.08,-2,
133657,False,27.07,-2,
133702,True,27.09,-3,
133704,False,27.09,-3,
133704,False,27.09,-3,
133720,False,27.08,-3,
133720,False,27.08,-3,
133737,False,27.08,-3,
133739,False,27.08,-3,
133745,False,27.08,-3,
133745,False,27.08,-3,
133749,False,27.08,-3,
133749,False,27.08,-3,
133750,False,27.08,-3,
133750,False,27.08,-3,
133753,False,27.08,-3,
133753,False,27.08,-3,
133758,False,27.08,-3,
133758,False,27.08,-3,
133803,True,27.07,-4,
133809,False,27.07,-4,
133809,False,27.07,-4,
133809,False,27.07,-4,
133809,False,27.07,-4,
133814,False,27.06,-4,
133814,False,27.06,-4,
133828,False,27.06,-4,
133828,False,27.06,-4,
133828,False,27.06,-4,
133828,False,27.06,-4,
133828,False,27.06,-4,
133828,False,27.06,-4,
133831,False,27.06,-4,
133831,False,27.06,-4,
133831,False,27.06,-4,
133832,False,27.07,-4,
133833,False,27.07,-4,
133836,False,27.07,-4,
133836,False,27.07,-4,
133908,True,27.07,-4,
133908,False,27.07,-4,
133909,False,27.07,-4,
133909,False,27.07,-4,
133912,False,27.07,-4,
133915,False,27.08,-4,
133916,False,27.07,-4,
133919,False,27.07,-4,
133939,False,27.08,-4,
133939,False,27.08,-4,
133940,False,27.07,-4,
133943,False,27.07,-4,
133943,False,27.07,-4,
133943,False,27.07,-4,
133945,False,27.07,-4,
133948,False,27.07,-4,
133949,False,27.07,-4,
133950,False,27.07,-4,
133952,False,27.07,-4,
134002,True,27.07,-4,
134002,False,27.08,-4,
134002,False,27.07,-4,
134013,False,27.08,-4,
134013,False,27.08,-4,
134013,False,27.09,-4,
134024,False,27.09,-4,
134024,False,27.09,-4,
134032,False,27.08,-4,
134036,False,27.07,-4,
134036,False,27.08,-4,
134039,False,27.08,-4,
134045,False,27.08,-4,
134053,False,27.08,-4,
134054,False,27.07,-4,
134054,False,27.08,-4,
134108,True,27.08,-4,
134108,False,27.08,-4,
134110,False,27.08,-4,
134110,False,27.08,-4,
134111,False,27.08,-4,
134111,False,27.08,-4,
134117,False,27.08,-4,
134122,False,27.08,-4,
134131,False,27.07,-4,
134136,False,27.07,-4,
134141,False,27.07,-4,
134148,False,27.07,-4,
134148,False,27.07,-4,
134148,False,27.07,-4,
134148,False,27.07,-4,
134148,False,27.07,-4,
134148,False,27.07,-4,
134148,False,27.07,-4,
134148,False,27.07,-4,
134148,False,27.07,-4,
134149,False,27.07,-4,
134149,False,27.07,-4,
134149,False,27.06,-4,
134149,False,27.05,-4,
134149,False,27.05,-4,
134159,False,27.06,-4,
134203,True,27.05,-5,
134206,False,27.05,-5,
134211,False,27.06,-5,
134215,False,27.06,-5,
134225,False,27.04,-5,
134225,False,27.03,-5,
134225,False,27.03,-5,
134225,False,27.03,-5,
134225,False,27.03,-5,
134225,False,27.03,-5,
134225,False,27.02,-5,
134226,False,27.03,-5,
134230,False,27.04,-5,
134231,False,27.02,-5,
134236,False,27.04,-5,
134237,False,27.03,-5,
134237,False,27.02,-5,
134303,True,27.04,-6,
134303,False,27.03,-6,
134306,False,27.02,-6,
134309,False,27.03,-6,
134317,False,27.04,-6,
134317,False,27.04,-6,
134317,False,27.04,-6,
134317,False,27.05,-6,
134317,False,27.05,-6,
134320,False,27.05,-6,
134322,False,27.05,-6,
134326,False,27.05,-6,
134331,False,27.06,-6,
134333,False,27.04,-6,
134339,False,27.04,-6,
134342,False,27.04,-6,
134344,False,27.05,-6,
134344,False,27.05,-6,
134344,False,27.05,-6,
134345,False,27.05,-6,
134345,False,27.05,-6,
134346,False,27.04,-6,
134346,False,27.04,-6,
134346,False,27.04,-6,
134346,False,27.03,-6,
134346,False,27.02,-6,
134346,False,27.02,-6,
134346,False,27.02,-6,
134346,False,27.03,-6,
134401,True,27.02,-6,
134403,False,27.02,-6,
134414,False,27.02,-6,
134425,False,27.03,-6,
134431,False,27.02,-6,
134452,False,27.02,-6,
134503,True,27.02,-6,
134505,False,27.02,-6,
134516,False,27.02,-6,
134525,False,27.01,-6,
134525,False,27.0,-6,
134525,False,27.0,-6,
134530,False,27.0,-6,
134534,False,26.99,-6,
134534,False,26.99,-6,
134534,False,26.98,-6,
134534,False,26.98,-6,
134534,False,26.98,-6,
134534,False,26.99,-6,
134534,False,26.98,-6,
134534,False,26.98,-6,
134534,False,26.98,-6,
134534,False,26.97,-6,
134534,False,26.97,-6,
134534,False,26.97,-6,
134534,False,26.97,-6,
134534,False,26.97,-6,
134534,False,26.97,-6,
134534,False,26.97,-6,
134534,False,26.96,-6,
134534,False,26.96,-6,
134534,False,26.96,-6,
134534,False,26.96,-6,
134534,False,26.95,-6,
134534,False,26.95,-6,
134534,False,26.96,-6,
134534,False,26.96,-6,
134534,False,26.96,-6,
134534,False,26.95,-6,
134534,False,26.95,-6,
134534,False,26.95,-6,
134534,False,26.95,-6,
134534,False,26.95,-6,
134534,False,26.94,-6,
134534,False,26.95,-6,
134534,False,26.95,-6,
134534,False,26.94,-6,
134534,False,26.94,-6,
134534,False,26.94,-6,
134534,False,26.94,-6,
134534,False,26.94,-6,
134534,False,26.94,-6,
134534,False,26.94,-6,
134534,False,26.94,-6,
134534,False,26.94,-6,
134535,False,26.93,-6,
134535,False,26.93,-6,
134535,False,26.93,-6,
134535,False,26.93,-6,
134535,False,26.93,-6,
134535,False,26.94,-6,
134535,False,26.94,-6,
134535,False,26.94,-6,
134536,False,26.94,-6,
134536,False,26.93,-6,
134536,False,26.93,-6,
134537,False,26.92,-6,
134537,False,26.92,-6,
134537,False,26.92,-6,
134537,False,26.92,-6,
134538,False,26.91,-6,
134539,False,26.91,-6,
134539,False,26.91,-6,
134539,False,26.91,-6,
134539,False,26.91,-6,
134539,False,26.91,-6,
134539,False,26.91,-6,
134540,False,26.91,-6,
134540,False,26.91,-6,
134540,False,26.91,-6,
134541,False,26.91,-6,
134542,False,26.91,-6,
134542,False,26.91,-6,
134542,False,26.91,-6,
134542,False,26.91,-6,
134542,False,26.91,-6,
134542,False,26.91,-6,
134543,False,26.9,-6,
134543,False,26.9,-6,
134543,False,26.9,-6,
134543,False,26.9,-6,
134543,False,26.9,-6,
134543,False,26.91,-6,
134543,False,26.9,-6,
134543,False,26.9,-6,
134544,False,26.91,-6,
134544,False,26.91,-6,
134545,False,26.91,-6,
134545,False,26.91,-6,
134545,False,26.91,-6,
134545,False,26.91,-6,
134546,False,26.9,-6,
134546,False,26.9,-6,
134546,False,26.9,-6,
134546,False,26.9,-6,
134547,False,26.91,-6,
134547,False,26.9,-6,
134547,False,26.9,-6,
134547,False,26.9,-6,
134547,False,26.9,-6,
134547,False,26.89,-6,
134547,False,26.89,-6,
134547,False,26.89,-6,
134550,False,26.89,-6,
134550,False,26.89,-6,
134550,False,26.89,-6,
134550,False,26.89,-6,
134551,False,26.9,-6,
134551,False,26.89,-6,
134551,False,26.89,-6,
134551,False,26.89,-6,
134551,False,26.89,-6,
134551,False,26.89,-6,
134551,False,26.89,-6,
134551,False,26.88,-6,
134551,False,26.89,-6,
134551,False,26.88,-6,
134552,False,26.88,-6,
134552,False,26.88,-6,
134552,False,26.88,-6,
134552,False,26.88,-6,
134552,False,26.88,-6,
134552,False,26.87,-6,
134552,False,26.87,-6,
134552,False,26.87,-6,
134552,False,26.87,-6,
134552,False,26.88,-6,
134552,False,26.89,-6,
134552,False,26.88,-6,
134552,False,26.88,-6,
134552,False,26.87,-6,
134552,False,26.87,-6,
134553,False,26.88,-6,
134553,False,26.87,-6,
134554,False,26.87,-6,
134554,False,26.88,-6,
134554,False,26.87,-6,
134554,False,26.87,-6,
134555,False,26.87,-6,
134555,False,26.88,-6,
134555,False,26.88,-6,
134556,False,26.88,-6,
134556,False,26.88,-6,
134556,False,26.88,-6,
134557,False,26.88,-6,
134557,False,26.88,-6,
134558,False,26.87,-6,
134558,False,26.87,-6,
134559,False,26.88,-6,
134559,False,26.88,-6,
134559,False,26.88,-6,
134559,False,26.87,-6,
134559,False,26.88,-6,
134600,True,26.88,-7,
134601,False,26.88,-7,
134601,False,26.88,-7,
134603,False,26.88,-7,
134603,False,26.88,-7,
134603,False,26.88,-7,
134605,False,26.88,-7,
134605,False,26.88,-7,
134605,False,26.88,-7,
134606,False,26.88,-7,
134609,False,26.89,-7,
134609,False,26.88,-7,
134611,False,26.88,-7,
134614,False,26.88,-7,
134614,False,26.9,-7,
134614,False,26.9,-7,
134614,False,26.9,-7,
134614,False,26.9,-7,
134614,False,26.9,-7,
134615,False,26.9,-7,
134617,False,26.91,-7,
134617,False,26.91,-7,
134617,False,26.91,-7,
134620,False,26.9,-7,
134624,False,26.91,-7,
134627,False,26.92,-7,
134627,False,26.92,-7,
134633,False,26.91,-7,
134633,False,26.91,-7,
134633,False,26.92,-7,
134634,False,26.91,-7,
134637,False,26.9,-7,
134641,False,26.9,-7,
134642,False,26.9,-7,
134642,False,26.9,-7,
134643,False,26.9,-7,
134643,False,26.9,-7,
134653,False,26.9,-7,
134653,False,26.9,-7,
134653,False,26.91,-7,
134653,False,26.9,-7,
134653,False,26.9,-7,
134654,False,26.91,-7,
134654,False,26.9,-7,
134705,True,26.9,-7,매수 진입: $26.93에 예약
134705,True,26.9,1,
134709,False,26.91,1,
134709,False,26.91,1,
134709,False,26.91,1,
134709,False,26.91,1,
134712,False,26.91,1,
134712,False,26.9,1,
134712,False,26.89,1,
134712,False,26.89,1,
134712,False,26.9,1,
134712,False,26.9,1,
134712,False,26.89,1,
134718,False,26.9,1,
134722,False,26.89,1,
134725,False,26.89,1,
134740,False,26.9,1,
134742,False,26.9,1,
134742,False,26.9,1,
134744,False,26.9,1,
134749,False,26.9,1,
134751,False,26.9,1,
134752,False,26.9,1,
134752,False,26.9,1,
134752,False,26.9,1,
134752,False,26.9,1,
134752,False,26.9,1,
134752,False,26.9,1,
134752,False,26.9,1,
134752,False,26.9,1,
134752,False,26.9,1,
134752,False,26.9,1,
134752,False,26.9,1,
134752,False,26.9,1,
134752,False,26.9,1,
134752,False,26.9,1,
134754,False,26.9,1,
134755,False,26.91,1,
134755,False,26.91,1,
134801,True,26.91,2,
134801,False,26.91,2,
134801,False,26.92,2,
134803,False,26.92,2,
134804,False,26.92,2,
134805,False,26.92,2,
134806,False,26.92,2,
134806,False,26.92,2,
134806,False,26.92,2,
134809,False,26.92,2,
134815,False,26.92,2,
134838,False,26.92,2,
134839,False,26.92,2,
134840,False,26.92,2,
134840,False,26.92,2,
134850,False,26.93,2,opt2_익절 $26.9에 매수 후 $26.93에 매도
134850,False,26.93,2,
134908,True,26.93,3,
134916,False,26.92,3,
134916,False,26.93,3,
134918,False,26.94,3,
134918,False,26.95,3,
134918,False,26.96,3,
134919,False,26.95,3,
134922,False,26.95,3,
134922,False,26.95,3,
134923,False,26.95,3,
134929,False,26.96,3,
134932,False,26.95,3,
134940,False,26.95,3,
134940,False,26.95,3,
134943,False,26.95,3,
134943,False,26.95,3,
134944,False,26.95,3,
134946,False,26.95,3,
134950,False,26.95,3,
134950,False,26.95,3,
134957,False,26.94,3,
134957,False,26.95,3,
134957,False,26.95,3,
134957,False,26.95,3,
134957,False,26.95,3,
134957,False,26.95,3,
135004,True,26.96,4,
135010,False,26.95,4,
135010,False,26.95,4,
135010,False,26.95,4,
135010,False,26.95,4,
135010,False,26.95,4,
135013,False,26.94,4,
135024,False,26.95,4,
135026,False,26.95,4,
135030,False,26.95,4,
135034,False,26.95,4,
135034,False,26.95,4,
135039,False,26.94,4,
135039,False,26.94,4,
135044,False,26.93,4,
135046,False,26.93,4,
135046,False,26.93,4,
135046,False,26.93,4,
135046,False,26.93,4,
135046,False,26.93,4,
135046,False,26.93,4,
135046,False,26.93,4,
135053,False,26.92,4,
135053,False,26.91,4,
135053,False,26.92,4,
135053,False,26.92,4,
135053,False,26.92,4,
135053,False,26.92,4,
135054,False,26.92,4,
135054,False,26.92,4,
135054,False,26.91,4,
135056,False,26.91,4,
135100,True,26.92,4,매도 진입: $26.89에 예약
135100,True,26.92,-1,
135100,False,26.92,-1,
135100,False,26.92,-1,
135100,False,26.92,-1,
135102,False,26.92,-1,
135104,False,26.93,-1,
135108,False,26.94,-1,
135112,False,26.95,-1,
135112,False,26.95,-1,
135116,False,26.95,-1,
135116,False,26.96,-1,
135117,False,26.95,-1,
135119,False,26.96,-1,
135119,False,26.96,-1,
135119,False,26.96,-1,
135119,False,26.95,-1,
135119,False,26.96,-1,
135119,False,26.96,-1,
135119,False,26.96,-1,
135128,False,26.95,-1,
135133,False,26.95,-1,
135133,False,26.95,-1,
135133,False,26.96,-1,
135145,False,26.96,-1,
135202,True,26.96,1,
135202,False,26.96,1,
135205,False,26.96,1,
135215,False,26.95,1,
135215,False,26.95,1,
135216,False,26.94,1,
135216,False,26.94,1,
135216,False,26.94,1,
135216,False,26.94,1,
135216,False,26.94,1,
135222,False,26.95,1,
135225,False,26.94,1,
135231,False,26.96,1,
135233,False,26.95,1,
135249,False,26.95,1,
135249,False,26.95,1,
135249,False,26.95,1,
135253,False,26.95,1,
135253,False,26.96,1,
135253,False,26.97,1,
135254,False,26.99,1,
135257,False,26.99,1,
135258,False,26.99,1,
135259,False,26.99,1,
135301,True,26.98,2,
135301,False,26.99,2,
135305,False,27.0,2,opt4r_손절 $26.92에 매도 후 $27.0에 매수
135305,False,27.0,2,
135305,False,27.0,2,
135305,False,27.0,2,
135313,False,27.0,2,
135313,False,27.0,2,
135313,False,27.0,2,
135313,False,27.0,2,
135313,False,27.0,2,
135313,False,27.0,2,
135313,False,27.0,2,
135325,False,26.99,2,
135325,False,26.99,2,
135325,False,26.99,2,
135330,False,26.98,2,
135332,False,26.99,2,
135428,True,26.98,2,
135439,False,26.98,2,
135443,False,26.98,2,
135448,False,26.98,2,
135452,False,26.97,2,
135452,False,26.97,2,
135452,False,26.97,2,
135452,False,26.97,2,
135457,False,26.97,2,
135504,True,26.97,-1,
135506,False,26.97,-1,
135527,False,26.97,-1,
135527,False,26.97,-1,
135535,False,26.97,-1,
135540,False,26.98,-1,
135556,False,26.98,-1,
135602,True,27.0,1,
135602,False,27.0,1,
135602,False,27.0,1,
135602,False,27.0,1,
135604,False,27.0,1,
135606,False,27.01,1,
135607,False,27.01,1,
135609,False,26.99,1,
135609,False,26.99,1,
135609,False,26.99,1,
135609,False,26.99,1,
135609,False,26.99,1,
135612,False,26.98,1,
135612,False,26.98,1,
135612,False,26.98,1,
135612,False,26.98,1,
135612,False,26.98,1,
135612,False,26.98,1,
135616,False,26.97,1,
135617,False,26.97,1,
135648,False,26.96,1,
135654,False,26.96,1,
135656,False,26.96,1,
135657,False,26.96,1,
135658,False,26.96,1,
135704,True,26.97,-1,
135704,False,26.97,-1,
135704,False,26.97,-1,
135704,False,26.97,-1,
135708,False,26.96,-1,
135713,False,26.96,-1,
135716,False,26.97,-1,
135716,False,26.97,-1,
135718,False,26.97,-1,
135718,False,26.97,-1,
135718,False,26.97,-1,
135726,False,26.96,-1,
135746,False,26.95,-1,
135746,False,26.96,-1,
135751,False,26.95,-1,
135754,False,26.96,-1,
135755,False,26.96,-1,
135757,False,26.96,-1,
135801,True,26.95,-1,
135803,False,26.95,-1,
135806,False,26.95,-1,
135806,False,26.95,-1,
135806,False,26.96,-1,
135806,False,26.96,-1,
135806,False,26.96,-1,
135806,False,26.96,-1,
135807,False,26.96,-1,
135807,False,26.96,-1,
135808,False,26.96,-1,
135808,False,26.96,-1,
135809,False,26.96,-1,
135815,False,26.97,-1,
135832,False,26.96,-1,
135835,False,26.96,-1,
135836,False,26.96,-1,
135837,False,26.96,-1,
135845,False,26.97,-1,
135848,False,26.96,-1,
135852,False,26.97,-1,
135854,False,26.97,-1,
135916,True,26.97,1,
135929,False,26.97,1,
135929,False,26.97,1,
135941,False,26.96,1,
135945,False,26.96,1,
135955,False,26.97,1,
140000,True,26.97,1,
140001,False,26.96,1,
140002,False,26.96,1,
140002,False,26.96,1,
140003,False,26.96,1,
140007,False,26.96,1,
140025,False,26.96,1,
140027,False,26.97,1,
140027,False,26.97,1,
140027,False,26.96,1,
140031,False,26.96,1,
140036,False,26.96,1,
140036,False,26.96,1,
140059,False,26.95,1,
140059,False,26.94,1,
140059,False,26.93,1,
140101,True,26.91,-1,
140101,False,26.93,-1,
140105,False,26.91,-1,
140105,False,26.9,-1,
140105,False,26.9,-1,
140105,False,26.9,-1,
140105,False,26.91,-1,
140105,False,26.91,-1,
140106,False,26.91,-1,
140112,False,26.93,-1,
140112,False,26.93,-1,
140118,False,26.94,-1,
140118,False,26.93,-1,
140119,False,26.94,-1,
140120,False,26.94,-1,
140123,False,26.94,-1,
140123,False,26.94,-1,
140123,False,26.94,-1,
140124,False,26.94,-1,
140126,False,26.95,-1,
140127,False,26.95,-1,
140127,False,26.95,-1,
140131,False,26.95,-1,
140131,False,26.95,-1,
140135,False,26.95,-1,
140154,False,26.96,-1,
140154,False,26.97,-1,
140154,False,26.96,-1,
140157,False,26.96,-1,
140158,False,26.97,-1,
140221,True,26.97,1,
140221,False,26.97,1,
140225,False,26.97,1,
140228,False,26.97,1,
140230,False,26.97,1,
140230,False,26.97,1,
140230,False,26.97,1,
140233,False,26.97,1,
140233,False,26.97,1,
140238,False,26.97,1,
140241,False,26.98,1,
140252,False,26.98,1,
140252,False,26.98,1,
140252,False,26.98,1,
140253,False,26.98,1,
140255,False,26.97,1,
140255,False,26.97,1,
140256,False,26.97,1,
140300,True,26.97,1,
140309,False,26.97,1,
140313,False,26.97,1,
140313,False,26.97,1,
140313,False,26.96,1,
140327,False,26.97,1,
140330,False,26.97,1,
140333,False,26.97,1,
140333,False,26.97,1,
140344,False,26.96,1,
140349,False,26.97,1,
140352,False,26.97,1,
140354,False,26.97,1,
140402,True,26.96,1,
140415,False,26.97,1,
140423,False,26.97,1,
140433,False,26.98,1,
140433,False,26.98,1,
140437,False,26.99,1,
140437,False,26.99,1,
140514,True,26.97,2,
140514,False,26.97,2,
140514,False,26.98,2,
140514,False,26.99,2,
140514,False,26.98,2,
140523,False,26.99,2,
140523,False,26.99,2,
140540,False,27.0,2,
140553,False,27.0,2,
140553,False,27.0,2,
140553,False,27.0,2,
140553,False,27.0,2,
140555,False,27.01,2,
140555,False,27.01,2,
140556,False,27.02,2,
140556,False,27.02,2,
140557,False,27.01,2,
140557,False,27.01,2,
140559,False,27.02,2,
140605,True,27.01,3,
140605,False,27.01,3,
140605,False,27.01,3,
140608,False,27.0,3,
140620,False,27.0,3,
140631,False,27.01,3,
140631,False,27.0,3,
140631,False,27.0,3,
140646,False,27.0,3,
140650,False,27.01,3,
140656,False,27.0,3,
140656,False,27.0,3,
140656,False,27.0,3,
140656,False,27.0,3,
140656,False,27.0,3,
140656,False,26.99,3,
140656,False,26.99,3,
140656,False,26.99,3,
140656,False,26.99,3,
140656,False,26.99,3,
140657,False,26.98,3,
140657,False,26.98,3,
140701,True,26.99,3,매도 진입: $26.96에 예약
140701,True,26.99,-1,
140701,False,26.99,-1,
140702,False,26.99,-1,
140705,False,26.99,-1,
140705,False,26.99,-1,
140705,False,26.99,-1,
140706,False,26.98,-1,
140706,False,26.98,-1,
140712,False,26.97,-1,
140713,False,26.96,-1,opt2r_익절 $26.99에 매도 후 $26.96에 매수
140713,False,26.96,-1,
140713,False,26.96,-1,
140713,False,26.96,-1,
140713,False,26.96,-1,
140713,False,26.96,-1,
140713,False,26.96,-1,
140713,False,26.96,-1,
140713,False,26.96,-1,
140716,False,26.95,-1,
140716,False,26.95,-1,
140716,False,26.95,-1,
140716,False,26.96,-1,
140719,False,26.96,-1,
140719,False,26.96,-1,
140722,False,26.96,-1,
140723,False,26.95,-1,
140724,False,26.96,-1,
140739,False,26.96,-1,
140739,False,26.97,-1,
140742,False,26.98,-1,
140746,False,26.99,-1,
140748,False,26.99,-1,
140748,False,26.99,-1,
140748,False,26.99,-1,
140753,False,26.98,-1,
140755,False,26.98,-1,
140756,False,26.97,-1,
140756,False,26.97,-1,
140756,False,26.97,-1,
140756,False,26.97,-1,
140756,False,26.97,-1,
140821,True,26.97,-2,
140821,False,26.97,-2,
140829,False,26.98,-2,
140830,False,26.98,-2,
140834,False,26.99,-2,
140834,False,26.99,-2,
140834,False,26.99,-2,
140835,False,26.99,-2,
140835,False,26.99,-2,
140839,False,27.0,-2,
140841,False,26.98,-2,
140841,False,26.98,-2,
140849,False,26.99,-2,
140858,False,26.99,-2,
140905,True,27.0,1,
140905,False,27.0,1,
140905,False,27.0,1,
140905,False,27.0,1,
140905,False,27.0,1,
140905,False,27.0,1,
140905,False,27.0,1,
140905,False,27.0,1,
140905,False,27.0,1,
140905,False,27.0,1,
140912,False,27.0,1,
140912,False,27.0,1,
140913,False,27.01,1,
140914,False,27.01,1,
140914,False,27.01,1,
140914,False,27.01,1,
140914,False,27.01,1,
140917,False,27.02,1,
140917,False,27.02,1,
140917,False,27.02,1,
140917,False,27.02,1,
140917,False,27.02,1,
140918,False,27.03,1,
140918,False,27.03,1,
140918,False,27.03,1,
140918,False,27.03,1,
140918,False,27.03,1,
140918,False,27.04,1,
140918,False,27.04,1,
140918,False,27.04,1,
140918,False,27.05,1,
140918,False,27.04,1,
140918,False,27.05,1,
140918,False,27.05,1,
140918,False,27.06,1,
140918,False,27.06,1,
140918,False,27.05,1,
140918,False,27.05,1,
140918,False,27.04,1,
140918,False,27.05,1,
140919,False,27.05,1,
140919,False,27.05,1,
140921,False,27.05,1,
140921,False,27.06,1,
140925,False,27.05,1,
140925,False,27.05,1,
140927,False,27.04,1,
140927,False,27.04,1,
140928,False,27.04,1,
140928,False,27.03,1,
140933,False,27.05,1,
140935,False,27.04,1,
140936,False,27.04,1,
140937,False,27.04,1,
140940,False,27.03,1,
140942,False,27.03,1,
140944,False,27.03,1,
140944,False,27.03,1,
140944,False,27.03,1,
140945,False,27.05,1,
140946,False,27.03,1,
140946,False,27.03,1,
140946,False,27.03,1,
140947,False,27.02,1,
140947,False,27.02,1,
140950,False,27.03,1,
140952,False,27.04,1,
140957,False,27.05,1,
140957,False,27.05,1,
140957,False,27.05,1,
140957,False,27.05,1,
140957,False,27.05,1,
140957,False,27.05,1,
140957,False,27.05,1,
141000,True,27.06,2,
141007,False,27.05,2,
141008,False,27.04,2,
141016,False,27.04,2,
141016,False,27.04,2,
141018,False,27.03,2,
141025,False,27.04,2,
141026,False,27.04,2,
141033,False,27.04,2,
141033,False,27.04,2,
141033,False,27.04,2,
141033,False,27.03,2,
141033,False,27.03,2,
141034,False,27.03,2,
141042,False,27.02,2,
141043,False,27.02,2,
141045,False,27.02,2,
141049,False,27.01,2,
141049,False,27.01,2,
141049,False,27.01,2,
141056,False,27.03,2,
141056,False,27.03,2,
141056,False,27.03,2,
141056,False,27.03,2,
141057,False,27.03,2,
141109,True,27.02,-1,
141132,False,27.02,-1,
141134,False,27.02,-1,
141137,False,27.01,-1,
141137,False,27.01,-1,
141137,False,27.01,-1,
141137,False,27.01,-1,
141144,False,27.01,-1,
141144,False,27.01,-1,
141154,False,27.0,-1,
141202,True,27.0,-2,
141202,False,27.0,-2,
141202,False,26.99,-2,
141214,False,26.99,-2,
141216,False,27.0,-2,
141217,False,27.0,-2,
141218,False,27.0,-2,
141225,False,27.01,-2,
141225,False,27.01,-2,
141234,False,27.02,-2,
141242,False,27.01,-2,
141242,False,27.01,-2,
141250,False,27.01,-2,
141250,False,27.01,-2,
141252,False,27.0,-2,
141304,True,26.99,-2,
141304,False,26.99,-2,
141304,False,26.99,-2,
141304,False,26.99,-2,
141304,False,26.99,-2,
141304,False,26.99,-2,
141304,False,26.99,-2,
141305,False,27.0,-2,
141305,False,27.0,-2,
141305,False,27.0,-2,
141311,False,27.01,-2,
141317,False,27.0,-2,
141320,False,27.0,-2,
141327,False,27.0,-2,
141343,False,27.0,-2,
141352,False,27.0,-2,
141402,True,27.0,1,
141402,False,27.0,1,
141402,False,27.0,1,
141402,False,27.0,1,
141402,False,27.0,1,
141402,False,27.0,1,
141421,False,27.0,1,
141421,False,26.99,1,
141423,False,26.99,1,
141423,False,26.99,1,
141423,False,26.99,1,
141423,False,26.99,1,
141428,False,26.99,1,
141428,False,26.99,1,
141431,False,26.99,1,
141432,False,26.99,1,
141432,False,26.99,1,
141432,False,26.99,1,
141432,False,26.99,1,
141435,False,26.99,1,
141435,False,26.99,1,
141436,False,26.99,1,
141439,False,27.0,1,
141442,False,26.99,1,
141443,False,27.0,1,
141448,False,26.99,1,
141452,False,26.99,1,
141452,False,26.99,1,
141457,False,26.99,1,
141458,False,26.99,1,
141458,False,26.98,1,
141458,False,26.97,1,
141459,False,26.96,1,
141459,False,26.95,1,
141501,True,26.95,-1,
141514,False,26.95,-1,
141516,False,26.95,-1,
141517,False,26.95,-1,
141519,False,26.95,-1,
141525,False,26.94,-1,
141527,False,26.93,-1,
141531,False,26.93,-1,
141532,False,26.93,-1,
141532,False,26.93,-1,
141532,False,26.93,-1,
141533,False,26.93,-1,
141537,False,26.93,-1,
141539,False,26.93,-1,
141542,False,26.92,-1,
141544,False,26.92,-1,
141545,False,26.92,-1,
141545,False,26.92,-1,
141546,False,26.93,-1,
141546,False,26.92,-1,
141548,False,26.91,-1,
141548,False,26.91,-1,
141549,False,26.92,-1,
141602,True,26.93,-2,
141603,False,26.93,-2,
141608,False,26.93,-2,
141617,False,26.92,-2,
141617,False,26.92,-2,
141617,False,26.92,-2,
141618,False,26.92,-2,
141618,False,26.92,-2,
141618,False,26.92,-2,
141618,False,26.92,-2,
141620,False,26.92,-2,
141621,False,26.92,-2,
141621,False,26.92,-2,
141626,False,26.92,-2,
141626,False,26.91,-2,
141629,False,26.9,-2,
141629,False,26.91,-2,
141629,False,26.91,-2,
141629,False,26.91,-2,
141632,False,26.9,-2,
141632,False,26.9,-2,
141634,False,26.89,-2,
141634,False,26.89,-2,
141634,False,26.88,-2,
141634,False,26.88,-2,
141634,False,26.87,-2,
141634,False,26.89,-2,
141634,False,26.89,-2,
141634,False,26.88,-2,
141634,False,26.88,-2,
141636,False,26.89,-2,
141637,False,26.9,-2,
141644,False,26.91,-2,
141649,False,26.91,-2,
141649,False,26.91,-2,
141659,False,26.91,-2,
141702,True,26.92,-3,
141711,False,26.91,-3,
141714,False,26.91,-3,
141714,False,26.91,-3,
141714,False,26.91,-3,
141715,False,26.91,-3,
141715,False,26.91,-3,
141720,False,26.92,-3,
141734,False,26.92,-3,
141734,False,26.92,-3,
141734,False,26.92,-3,
141734,False,26.91,-3,
141734,False,26.91,-3,
141734,False,26.91,-3,
141736,False,26.9,-3,
141736,False,26.9,-3,
141736,False,26.9,-3,
141736,False,26.9,-3,
141739,False,26.89,-3,
141740,False,26.89,-3,
141741,False,26.89,-3,
141741,False,26.89,-3,
141742,False,26.89,-3,
141742,False,26.88,-3,
141747,False,26.88,-3,
141748,False,26.87,-3,
141749,False,26.88,-3,
141754,False,26.88,-3,
141824,True,26.87,-4,
141824,False,26.87,-4,
141825,False,26.86,-4,
141825,False,26.85,-4,
141825,False,26.85,-4,
141825,False,26.85,-4,
141825,False,26.85,-4,
141825,False,26.85,-4,
141825,False,26.85,-4,
141827,False,26.86,-4,
141828,False,26.85,-4,
141828,False,26.85,-4,
141828,False,26.84,-4,
141828,False,26.84,-4,
141828,False,26.85,-4,
141828,False,26.84,-4,
141828,False,26.84,-4,
141829,False,26.84,-4,
141830,False,26.83,-4,
141830,False,26.83,-4,
141830,False,26.83,-4,
141830,False,26.83,-4,
141830,False,26.83,-4,
141830,False,26.83,-4,
141830,False,26.82,-4,
141831,False,26.82,-4,
141831,False,26.83,-4,
141832,False,26.82,-4,
141832,False,26.81,-4,
141833,False,26.82,-4,
141835,False,26.82,-4,
141835,False,26.83,-4,
141835,False,26.82,-4,
141837,False,26.83,-4,
141837,False,26.83,-4,
141838,False,26.81,-4,
141838,False,26.8,-4,
141838,False,26.79,-4,
141838,False,26.79,-4,
141838,False,26.82,-4,
141838,False,26.8,-4,
141839,False,26.8,-4,
141839,False,26.8,-4,
141840,False,26.8,-4,
141840,False,26.8,-4,
141840,False,26.8,-4,
141842,False,26.78,-4,
141842,False,26.77,-4,
141842,False,26.77,-4,
141842,False,26.77,-4,
141842,False,26.78,-4,
141842,False,26.77,-4,
141842,False,26.77,-4,
141842,False,26.76,-4,
141842,False,26.76,-4,
141842,False,26.77,-4,
141842,False,26.76,-4,
141843,False,26.77,-4,
141844,False,26.76,-4,
141844,False,26.76,-4,
141844,False,26.76,-4,
141844,False,26.76,-4,
141844,False,26.75,-4,
141844,False,26.75,-4,
141844,False,26.75,-4,
141845,False,26.75,-4,
141845,False,26.77,-4,
141847,False,26.77,-4,
141847,False,26.76,-4,
141849,False,26.78,-4,
141849,False,26.77,-4,
141856,False,26.78,-4,
141857,False,26.78,-4,
141858,False,26.77,-4,
141900,True,26.77,-5,
141900,False,26.78,-5,
141900,False,26.77,-5,
141902,False,26.78,-5,
141905,False,26.78,-5,
141906,False,26.78,-5,
141907,False,26.78,-5,
141910,False,26.79,-5,
141910,False,26.79,-5,
141910,False,26.79,-5,
141911,False,26.79,-5,
141911,False,26.8,-5,
141911,False,26.8,-5,
141912,False,26.79,-5,
141914,False,26.81,-5,
141916,False,26.8,-5,
141919,False,26.81,-5,
141921,False,26.79,-5,
141923,False,26.79,-5,
141923,False,26.81,-5,
141924,False,26.81,-5,
141925,False,26.8,-5,
141928,False,26.77,-5,
141929,False,26.77,-5,
141929,False,26.77,-5,
141931,False,26.77,-5,
141931,False,26.77,-5,
141932,False,26.76,-5,
141935,False,26.75,-5,
141936,False,26.75,-5,
141937,False,26.77,-5,
141938,False,26.76,-5,
141940,False,26.76,-5,
141940,False,26.77,-5,
141943,False,26.78,-5,
141953,False,26.79,-5,
141956,False,26.79,-5,
142000,True,26.78,-5,매수 진입: $26.81에 예약
142000,True,26.78,1,
142002,False,26.77,1,
142002,False,26.77,1,
142002,False,26.77,1,
142002,False,26.76,1,
142002,False,26.75,1,
142002,False,26.75,1,
142002,False,26.76,1,
142002,False,26.76,1,
142005,False,26.76,1,
142008,False,26.77,1,
142009,False,26.77,1,
142009,False,26.77,1,
142014,False,26.78,1,
142015,False,26.79,1,
142024,False,26.79,1,
142025,False,26.78,1,
142031,False,26.78,1,
142033,False,26.78,1,
142035,False,26.78,1,
142037,False,26.77,1,
142050,False,26.79,1,
142058,False,26.77,1,
142106,True,26.77,-1,
142116,False,26.78,-1,
142127,False,26.78,-1,
142133,False,26.78,-1,
142134,False,26.77,-1,
142138,False,26.77,-1,
142138,False,26.79,-1,
142155,False,26.78,-1,
142155,False,26.77,-1,
142156,False,26.77,-1,
142156,False,26.77,-1,
142156,False,26.77,-1,
142159,False,26.76,-1,
142159,False,26.75,-1,
142159,False,26.75,-1,
142159,False,26.75,-1,
142159,False,26.76,-1,
142159,False,26.75,-1,
142159,False,26.75,-1,
142159,False,26.75,-1,
142159,False,26.75,-1,
142159,False,26.75,-1,
142159,False,26.75,-1,
142159,False,26.75,-1,
142159,False,26.75,-1,
142159,False,26.75,-1,
142159,False,26.74,-1,
142159,False,26.74,-1,
142159,False,26.74,-1,
142203,True,26.74,-2,
142203,False,26.73,-2,opt4_손절 $26.78에 매수 후 $26.73에 매도
142203,False,26.73,-2,
142203,False,26.73,-2,
142203,False,26.74,-2,
142203,False,26.73,-2,
142204,False,26.74,-2,
142205,False,26.73,-2,
142205,False,26.73,-2,
142206,False,26.74,-2,
142207,False,26.75,-2,
142207,False,26.75,-2,
142211,False,26.75,-2,
142211,False,26.75,-2,
142212,False,26.75,-2,
142212,False,26.75,-2,
142212,False,26.75,-2,
142212,False,26.74,-2,
142212,False,26.73,-2,
142212,False,26.74,-2,
142212,False,26.74,-2,
142212,False,26.75,-2,
142214,False,26.74,-2,
142214,False,26.74,-2,
142215,False,26.73,-2,
142215,False,26.72,-2,
142215,False,26.71,-2,
142215,False,26.73,-2,
142215,False,26.73,-2,
142220,False,26.73,-2,
142223,False,26.73,-2,
142223,False,26.73,-2,
142224,False,26.74,-2,
142225,False,26.73,-2,
142225,False,26.73,-2,
142225,False,26.72,-2,
142232,False,26.72,-2,
142232,False,26.72,-2,
142232,False,26.72,-2,
142232,False,26.73,-2,
142233,False,26.73,-2,
142240,False,26.73,-2,
142242,False,26.72,-2,
142246,False,26.72,-2,
142247,False,26.71,-2,
142254,False,26.71,-2,
142255,False,26.71,-2,
142258,False,26.73,-2,
142302,True,26.73,-2,
142305,False,26.73,-2,
142310,False,26.72,-2,
142311,False,26.73,-2,
142315,False,26.74,-2,
142315,False,26.75,-2,
142315,False,26.75,-2,
142319,False,26.77,-2,
142320,False,26.77,-2,
142320,False,26.77,-2,
142320,False,26.78,-2,
142321,False,26.78,-2,
142322,False,26.78,-2,
142325,False,26.77,-2,
142325,False,26.78,-2,
142325,False,26.79,-2,
142325,False,26.79,-2,
142332,False,26.8,-2,
142332,False,26.81,-2,
142332,False,26.81,-2,
142332,False,26.81,-2,
142333,False,26.81,-2,
142333,False,26.81,-2,
142333,False,26.81,-2,
142333,False,26.81,-2,
142333,False,26.82,-2,
142334,False,26.82,-2,
142336,False,26.82,-2,
142338,False,26.81,-2,
142339,False,26.82,-2,
142345,False,26.8,-2,
142346,False,26.81,-2,
142347,False,26.81,-2,
142348,False,26.82,-2,
142348,False,26.82,-2,
142348,False,26.82,-2,
142348,False,26.82,-2,
142350,False,26.83,-2,
142350,False,26.83,-2,
142350,False,26.84,-2,
142350,False,26.84,-2,
142350,False,26.84,-2,
142350,False,26.85,-2,
142350,False,26.86,-2,
142350,False,26.85,-2,
142350,False,26.87,-2,
142358,False,26.85,-2,
142402,True,26.85,1,
142403,False,26.83,1,
142403,False,26.82,1,
142403,False,26.81,1,
142406,False,26.82,1,
142411,False,26.81,1,
142418,False,26.8,1,
142418,False,26.81,1,
142420,False,26.82,1,
142421,False,26.82,1,
142428,False,26.81,1,
142431,False,26.81,1,
142436,False,26.81,1,
142449,False,26.81,1,
142450,False,26.8,1,
142453,False,26.8,1,
142454,False,26.8,1,
142454,False,26.8,1,
142459,False,26.8,1,
142503,True,26.81,-1,
142507,False,26.8,-1,
142512,False,26.8,-1,
142513,False,26.8,-1,
142519,False,26.81,-1,
142522,False,26.79,-1,
142522,False,26.79,-1,
142538,False,26.79,-1,
142540,False,26.81,-1,
142559,False,26.81,-1,
142612,True,26.79,-1,
142635,False,26.79,-1,
142636,False,26.79,-1,
142638,False,26.79,-1,
142638,False,26.79,-1,
142639,False,26.8,-1,
142641,False,26.79,-1,
142651,False,26.79,-1,
142655,False,26.79,-1,
142707,True,26.8,-1,
142707,False,26.8,-1,
142707,False,26.8,-1,
142707,False,26.79,-1,
142708,False,26.78,-1,
142708,False,26.78,-1,
142708,False,26.77,-1,
142708,False,26.77,-1,
142708,False,26.77,-1,
142708,False,26.77,-1,
142710,False,26.77,-1,
142711,False,26.77,-1,
142711,False,26.78,-1,
142720,False,26.79,-1,
142735,False,26.78,-1,
142735,False,26.79,-1,
142741,False,26.78,-1,
142744,False,26.78,-1,
142803,True,26.77,-2,
142806,False,26.76,-2,
142812,False,26.76,-2,
142815,False,26.76,-2,
142817,False,26.75,-2,
142820,False,26.76,-2,
142820,False,26.76,-2,
142824,False,26.75,-2,
142824,False,26.75,-2,
142824,False,26.75,-2,
142829,False,26.75,-2,
142842,False,26.75,-2,
142842,False,26.74,-2,
142849,False,26.74,-2,
142850,False,26.75,-2,
142858,False,26.74,-2,
142905,True,26.74,-3,
142906,False,26.73,-3,
142906,False,26.73,-3,
142909,False,26.73,-3,
142917,False,26.73,-3,
142917,False,26.72,-3,
142919,False,26.72,-3,
142920,False,26.72,-3,
142920,False,26.71,-3,
142927,False,26.73,-3,
142929,False,26.73,-3,
142931,False,26.74,-3,
142934,False,26.72,-3,
142953,False,26.73,-3,
142953,False,26.73,-3,
143000,True,26.74,-3,
143005,False,26.75,-3,
143011,False,26.71,-3,
143011,False,26.72,-3,
143017,False,26.71,-3,
143021,False,26.7,-3,
143021,False,26.7,-3,
143021,False,26.7,-3,
143023,False,26.7,-3,
143024,False,26.7,-3,
143026,False,26.7,-3,
143027,False,26.69,-3,
143028,False,26.69,-3,
143028,False,26.69,-3,
143029,False,26.68,-3,
143029,False,26.67,-3,
143029,False,26.67,-3,
143029,False,26.67,-3,
143029,False,26.68,-3,
143029,False,26.67,-3,
143029,False,26.66,-3,
143029,False,26.66,-3,
143029,False,26.67,-3,
143029,False,26.66,-3,
143029,False,26.66,-3,
143030,False,26.68,-3,
143030,False,26.67,-3,
143031,False,26.67,-3,
143031,False,26.69,-3,
143035,False,26.67,-3,
143036,False,26.67,-3,
143036,False,26.66,-3,
143036,False,26.67,-3,
143037,False,26.66,-3,
143040,False,26.68,-3,
143042,False,26.68,-3,
143045,False,26.68,-3,
143045,False,26.7,-3,
143052,False,26.69,-3,
143052,False,26.7,-3,
143052,False,26.7,-3,
143052,False,26.7,-3,
143052,False,26.7,-3,
143052,False,26.7,-3,
143052,False,26.7,-3,
143059,False,26.71,-3,
143059,False,26.71,-3,
143059,False,26.71,-3,
143109,True,26.71,-4,
143111,False,26.72,-4,
143115,False,26.72,-4,
143117,False,26.72,-4,
143120,False,26.73,-4,
143126,False,26.73,-4,
143127,False,26.72,-4,
143128,False,26.73,-4,
143134,False,26.73,-4,
143134,False,26.73,-4,
143134,False,26.73,-4,
143144,False,26.74,-4,
143145,False,26.74,-4,
143145,False,26.74,-4,
143154,False,26.74,-4,
143155,False,26.74,-4,
143159,False,26.75,-4,
143202,True,26.75,-4,매수 진입: $26.78에 예약
143202,True,26.75,1,
143202,False,26.75,1,
143202,False,26.75,1,
143203,False,26.75,1,
143206,False,26.75,1,
143209,False,26.74,1,
143209,False,26.74,1,
143210,False,26.74,1,
143210,False,26.74,1,
143212,False,26.73,1,
143218,False,26.74,1,
143220,False,26.73,1,
143223,False,26.73,1,
143238,False,26.74,1,
143241,False,26.74,1,
143243,False,26.74,1,
143244,False,26.74,1,
143257,False,26.73,1,
143257,False,26.73,1,
143303,True,26.72,-1,
143303,False,26.72,-1,
143307,False,26.72,-1,
143328,False,26.72,-1,
143331,False,26.73,-1,
143337,False,26.73,-1,
143342,False,26.73,-1,
143344,False,26.73,-1,
143346,False,26.73,-1,
143403,True,26.71,1,
143403,False,26.71,1,
143405,False,26.71,1,
143416,False,26.73,1,
143419,False,26.73,1,
143422,False,26.74,1,
143432,False,26.74,1,
143433,False,26.75,1,
143433,False,26.75,1,
143444,False,26.73,1,
143446,False,26.73,1,
143446,False,26.73,1,
143446,False,26.73,1,
143447,False,26.73,1,
143447,False,26.73,1,
143451,False,26.73,1,
143452,False,26.73,1,
143459,False,26.73,1,
143503,True,26.73,2,
143507,False,26.72,2,
143510,False,26.72,2,
143511,False,26.71,2,
143513,False,26.72,2,
143513,False,26.72,2,
143513,False,26.71,2,
143513,False,26.71,2,
143523,False,26.72,2,
143523,False,26.72,2,
143524,False,26.72,2,
143528,False,26.72,2,
143538,False,26.72,2,
143540,False,26.72,2,
143609,True,26.71,-1,
143614,False,26.71,-1,
143614,False,26.71,-1,
143614,False,26.71,-1,
143614,False,26.71,-1,
143614,False,26.71,-1,
143614,False,26.71,-1,
143616,False,26.7,-1,
143619,False,26.68,-1,
143620,False,26.68,-1,
143623,False,26.68,-1,
143623,False,26.68,-1,
143623,False,26.68,-1,
143632,False,26.67,-1,opt4_손절 $26.75에 매수 후 $26.67에 매도
143632,False,26.67,-1,
143637,False,26.67,-1,
143638,False,26.67,-1,
143638,False,26.68,-1,
143638,False,26.69,-1,
143648,False,26.7,-1,
143701,True,26.7,-2,
143703,False,26.7,-2,
143708,False,26.69,-2,
143708,False,26.69,-2,
143710,False,26.7,-2,
143713,False,26.69,-2,
143713,False,26.69,-2,
143713,False,26.69,-2,
143731,False,26.68,-2,
143733,False,26.69,-2,
143733,False,26.67,-2,
143736,False,26.68,-2,
143736,False,26.68,-2,
143742,False,26.68,-2,
143743,False,26.68,-2,
143752,False,26.67,-2,
143759,False,26.67,-2,
143759,False,26.67,-2,
143759,False,26.66,-2,
143759,False,26.65,-2,
143759,False,26.65,-2,
143759,False,26.65,-2,
143759,False,26.65,-2,
143759,False,26.65,-2,
143800,True,26.64,-3,
143801,False,26.64,-3,
143805,False,26.65,-3,
143805,False,26.65,-3,
143805,False,26.65,-3,
143805,False,26.64,-3,
143805,False,26.64,-3,
143807,False,26.63,-3,
143807,False,26.62,-3,
143807,False,26.63,-3,
143807,False,26.62,-3,
143808,False,26.62,-3,
143808,False,26.63,-3,
143808,False,26.62,-3,
143808,False,26.63,-3,
143808,False,26.62,-3,
143808,False,26.62,-3,
143809,False,26.61,-3,
143809,False,26.6,-3,
143809,False,26.6,-3,
143809,False,26.59,-3,
143809,False,26.59,-3,
143809,False,26.59,-3,
143809,False,26.59,-3,
143809,False,26.6,-3,
143809,False,26.58,-3,
143809,False,26.58,-3,
143809,False,26.59,-3,
143809,False,26.59,-3,
143809,False,26.58,-3,
143810,False,26.59,-3,
143810,False,26.57,-3,
143811,False,26.58,-3,
143811,False,26.58,-3,
143811,False,26.58,-3,
143811,False,26.58,-3,
143811,False,26.59,-3,
143811,False,26.59,-3,
143811,False,26.6,-3,
143812,False,26.6,-3,
143812,False,26.6,-3,
143813,False,26.6,-3,
143814,False,26.6,-3,
143814,False,26.61,-3,
143814,False,26.6,-3,
143815,False,26.59,-3,
143815,False,26.59,-3,
143815,False,26.59,-3,
143815,False,26.6,-3,
143816,False,26.6,-3,
143819,False,26.61,-3,
143819,False,26.61,-3,
143819,False,26.61,-3,
143820,False,26.61,-3,
143821,False,26.62,-3,
143821,False,26.62,-3,
143822,False,26.63,-3,
143822,False,26.63,-3,
143822,False,26.64,-3,
143822,False,26.65,-3,
143822,False,26.63,-3,
143823,False,26.64,-3,
143827,False,26.63,-3,
143828,False,26.64,-3,
143830,False,26.61,-3,
143834,False,26.6,-3,
143835,False,26.6,-3,
143835,False,26.59,-3,
143835,False,26.58,-3,
143835,False,26.58,-3,
143835,False,26.58,-3,
143836,False,26.59,-3,
143836,False,26.59,-3,
143836,False,26.59,-3,
143836,False,26.58,-3,
143836,False,26.59,-3,
143836,False,26.59,-3,
143837,False,26.6,-3,
143838,False,26.61,-3,
143838,False,26.61,-3,
143839,False,26.6,-3,
143841,False,26.61,-3,
143842,False,26.61,-3,
143843,False,26.61,-3,
143844,False,26.61,-3,
143844,False,26.61,-3,
143845,False,26.61,-3,
143845,False,26.61,-3,
143845,False,26.6,-3,
143845,False,26.61,-3,
143845,False,26.6,-3,
143847,False,26.59,-3,
143848,False,26.57,-3,
143852,False,26.58,-3,
143852,False,26.57,-3,
143852,False,26.55,-3,
143852,False,26.55,-3,
143852,False,26.55,-3,
143852,False,26.54,-3,
143852,False,26.53,-3,
143852,False,26.54,-3,
143852,False,26.54,-3,
143852,False,26.54,-3,
143853,False,26.53,-3,
143853,False,26.53,-3,
143853,False,26.53,-3,
143853,False,26.53,-3,
143853,False,26.53,-3,
143853,False,26.55,-3,
143854,False,26.54,-3,
143854,False,26.53,-3,
143856,False,26.53,-3,
143856,False,26.52,-3,
143856,False,26.52,-3,
143856,False,26.52,-3,
143856,False,26.52,-3,
143856,False,26.52,-3,
143857,False,26.52,-3,
143857,False,26.52,-3,
143857,False,26.53,-3,
143857,False,26.53,-3,
143857,False,26.53,-3,
143857,False,26.53,-3,
143857,False,26.53,-3,
143858,False,26.53,-3,
143858,False,26.52,-3,
143859,False,26.52,-3,
143859,False,26.52,-3,
143900,True,26.52,-4,
143900,False,26.54,-4,
143900,False,26.53,-4,
143900,False,26.53,-4,
143900,False,26.52,-4,
143901,False,26.53,-4,
143901,False,26.52,-4,
143902,False,26.52,-4,
143902,False,26.52,-4,
143902,False,26.54,-4,
143902,False,26.53,-4,
143903,False,26.51,-4,
143904,False,26.51,-4,
143905,False,26.53,-4,
143905,False,26.52,-4,
143906,False,26.54,-4,
143906,False,26.53,-4,
143906,False,26.53,-4,
143907,False,26.52,-4,
143907,False,26.55,-4,
143907,False,26.55,-4,
143907,False,26.55,-4,
143908,False,26.55,-4,
143908,False,26.55,-4,
143909,False,26.55,-4,
143909,False,26.55,-4,
143911,False,26.56,-4,
143912,False,26.57,-4,
143916,False,26.54,-4,
143916,False,26.55,-4,
143916,False,26.55,-4,
143918,False,26.56,-4,
143918,False,26.56,-4,
143918,False,26.56,-4,
143918,False,26.56,-4,
143918,False,26.57,-4,
143918,False,26.57,-4,
143919,False,26.58,-4,
143919,False,26.59,-4,
143919,False,26.59,-4,
143919,False,26.59,-4,
143919,False,26.59,-4,
143919,False,26.59,-4,
143919,False,26.59,-4,
143920,False,26.58,-4,
143920,False,26.58,-4,
143922,False,26.59,-4,
143922,False,26.59,-4,
143923,False,26.58,-4,
143924,False,26.57,-4,
143924,False,26.57,-4,
143926,False,26.58,-4,
143928,False,26.59,-4,
143928,False,26.59,-4,
143930,False,26.6,-4,
143931,False,26.6,-4,
143931,False,26.6,-4,
143932,False,26.6,-4,
143932,False,26.61,-4,
143936,False,26.6,-4,
143938,False,26.61,-4,
143940,False,26.6,-4,
143944,False,26.6,-4,
143945,False,26.59,-4,
143947,False,26.59,-4,
143958,False,26.58,-4,
143958,False,26.58,-4,
143958,False,26.58,-4,
144009,True,26.58,-4,매수 진입: $26.61에 예약
144009,True,26.58,1,
144011,False,26.58,1,
144011,False,26.58,1,
144011,False,26.58,1,
144011,False,26.58,1,
144012,False,26.57,1,
144016,False,26.57,1,
144017,False,26.57,1,
144019,False,26.57,1,
144021,False,26.57,1,
144022,False,26.58,1,
144023,False,26.57,1,
144027,False,26.57,1,
144037,False,26.58,1,
144038,False,26.57,1,
144052,False,26.57,1,
144055,False,26.58,1,
144055,False,26.59,1,
144057,False,26.57,1,
144057,False,26.57,1,
144104,True,26.59,1,
144104,False,26.59,1,
144104,False,26.59,1,
144105,False,26.58,1,
144105,False,26.59,1,
144105,False,26.6,1,
144107,False,26.59,1,
144112,False,26.59,1,
144119,False,26.6,1,
144119,False,26.59,1,
144122,False,26.61,1,
144122,False,26.61,1,
144122,False,26.61,1,
144122,False,26.61,1,
144123,False,26.61,1,
144124,False,26.6,1,
144127,False,26.6,1,
144128,False,26.61,1,
144133,False,26.61,1,
144133,False,26.61,1,
144133,False,26.61,1,
144133,False,26.61,1,
144133,False,26.6,1,
144133,False,26.61,1,
144133,False,26.6,1,
144133,False,26.59,1,
144133,False,26.6,1,
144133,False,26.6,1,
144133,False,26.6,1,
144135,False,26.6,1,
144136,False,26.61,1,
144137,False,26.6,1,
144143,False,26.6,1,
144144,False,26.6,1,
144157,False,26.6,1,
144205,True,26.59,2,
144206,False,26.58,2,
144206,False,26.58,2,
144208,False,26.57,2,
144212,False,26.57,2,
144212,False,26.57,2,
144212,False,26.57,2,
144212,False,26.57,2,
144214,False,26.57,2,
144214,False,26.57,2,
144216,False,26.58,2,
144227,False,26.58,2,
144229,False,26.57,2,
144229,False,26.58,2,
144233,False,26.57,2,
144237,False,26.58,2,
144248,False,26.58,2,
144251,False,26.58,2,
144310,True,26.57,-1,
144310,False,26.57,-1,
144310,False,26.57,-1,
144310,False,26.57,-1,
144310,False,26.57,-1,
144310,False,26.57,-1,
144310,False,26.57,-1,
144310,False,26.57,-1,
144310,False,26.57,-1,
144312,False,26.58,-1,
144312,False,26.58,-1,
144312,False,26.57,-1,
144315,False,26.58,-1,
144315,False,26.58,-1,
144318,False,26.58,-1,
144319,False,26.58,-1,
144325,False,26.57,-1,
144326,False,26.57,-1,
144326,False,26.57,-1,
144326,False,26.57,-1,
144326,False,26.57,-1,
144326,False,26.57,-1,
144326,False,26.57,-1,
144326,False,26.57,-1,
144326,False,26.57,-1,
144327,False,26.57,-1,
144327,False,26.57,-1,
144327,False,26.57,-1,
144327,False,26.57,-1,
144328,False,26.58,-1,
144330,False,26.57,-1,
144330,False,26.57,-1,
144330,False,26.57,-1,
144330,False,26.57,-1,
144330,False,26.57,-1,
144330,False,26.57,-1,
144330,False,26.57,-1,
144330,False,26.57,-1,
144331,False,26.57,-1,
144331,False,26.57,-1,
144336,False,26.58,-1,
144339,False,26.57,-1,
144339,False,26.57,-1,
144339,False,26.57,-1,
144339,False,26.57,-1,
144339,False,26.57,-1,
144342,False,26.57,-1,
144348,False,26.57,-1,
144348,False,26.57,-1,
144350,False,26.57,-1,
144350,False,26.57,-1,
144350,False,26.56,-1,
144350,False,26.56,-1,
144352,False,26.55,-1,
144353,False,26.54,-1,
144353,False,26.54,-1,
144353,False,26.53,-1,opt4_손절 $26.58에 매수 후 $26.53에 매도
144353,False,26.53,-1,
144353,False,26.53,-1,
144357,False,26.55,-1,
144404,True,26.55,-2,
144407,False,26.56,-2,
144408,False,26.55,-2,
144408,False,26.55,-2,
144412,False,26.56,-2,
144412,False,26.57,-2,
144412,False,26.58,-2,
144413,False,26.59,-2,
144413,False,26.59,-2,
144413,False,26.59,-2,
144413,False,26.59,-2,
144414,False,26.57,-2,
144419,False,26.57,-2,
144419,False,26.56,-2,
144420,False,26.56,-2,
144421,False,26.56,-2,
144424,False,26.56,-2,
144424,False,26.57,-2,
144426,False,26.57,-2,
144427,False,26.58,-2,
144430,False,26.59,-2,
144431,False,26.58,-2,
144431,False,26.59,-2,
144431,False,26.59,-2,
144431,False,26.58,-2,
144431,False,26.58,-2,
144435,False,26.57,-2,
144438,False,26.57,-2,
144438,False,26.56,-2,
144438,False,26.56,-2,
144438,False,26.56,-2,
144438,False,26.56,-2,
144442,False,26.56,-2,
144455,False,26.56,-2,
144457,False,26.57,-2,
144504,True,26.57,1,
144509,False,26.57,1,
144514,False,26.56,1,
144515,False,26.57,1,
144518,False,26.57,1,
144520,False,26.57,1,
144521,False,26.56,1,
144521,False,26.56,1,
144526,False,26.56,1,
144529,False,26.56,1,
144529,False,26.55,1,
144529,False,26.55,1,
144529,False,26.55,1,
144530,False,26.55,1,
144534,False,26.54,1,
144534,False,26.53,1,
144535,False,26.53,1,
144535,False,26.52,1,
144535,False,26.52,1,
144537,False,26.53,1,
144539,False,26.53,1,
144545,False,26.53,1,
144545,False,26.53,1,
144545,False,26.53,1,
144545,False,26.53,1,
144553,False,26.52,1,
144553,False,26.52,1,
144554,False,26.52,1,
144557,False,26.51,1,
144558,False,26.51,1,
144558,False,26.52,1,
144558,False,26.51,1,
144558,False,26.51,1,
144558,False,26.51,1,
144607,True,26.52,-1,
144612,False,26.53,-1,
144616,False,26.52,-1,
144630,False,26.51,-1,
144636,False,26.51,-1,
144639,False,26.51,-1,
144644,False,26.52,-1,
144647,False,26.53,-1,
144650,False,26.54,-1,
144700,True,26.53,1,
144704,False,26.54,1,
144714,False,26.54,1,
144715,False,26.54,1,
144715,False,26.54,1,
144723,False,26.54,1,
144723,False,26.54,1,
144724,False,26.54,1,
144729,False,26.53,1,
144729,False,26.52,1,
144732,False,26.52,1,
144749,False,26.52,1,
144752,False,26.52,1,
144756,False,26.53,1,
144759,False,26.51,1,
144759,False,26.52,1,
144801,True,26.52,-1,
144801,False,26.51,-1,
144806,False,26.51,-1,
144806,False,26.51,-1,
144806,False,26.51,-1,
144809,False,26.51,-1,
144809,False,26.51,-1,
144809,False,26.51,-1,
144811,False,26.51,-1,
144817,False,26.5,-1,
144817,False,26.5,-1,
144817,False,26.5,-1,
144817,False,26.5,-1,
144817,False,26.5,-1,
144817,False,26.5,-1,
144817,False,26.49,-1,
144817,False,26.49,-1,
144817,False,26.49,-1,
144817,False,26.49,-1,
144817,False,26.49,-1,
144817,False,26.48,-1,
144817,False,26.48,-1,
144817,False,26.48,-1,
144817,False,26.48,-1,
144818,False,26.48,-1,
144818,False,26.47,-1,
144818,False,26.47,-1,
144818,False,26.47,-1,
144819,False,26.48,-1,
144819,False,26.47,-1,
144819,False,26.47,-1,
144819,False,26.47,-1,
144819,False,26.47,-1,
144820,False,26.48,-1,
144820,False,26.48,-1,
144820,False,26.47,-1,
144821,False,26.49,-1,
144821,False,26.48,-1,
144824,False,26.49,-1,
144826,False,26.47,-1,
144826,False,26.48,-1,
144826,False,26.47,-1,
144828,False,26.48,-1,
144832,False,26.47,-1,
144833,False,26.46,-1,
144834,False,26.47,-1,
144840,False,26.47,-1,
144844,False,26.47,-1,
144854,False,26.46,-1,
144855,False,26.47,-1,
144857,False,26.48,-1,
144901,True,26.47,-2,
144903,False,26.47,-2,
144906,False,26.47,-2,
144918,False,26.45,-2,
144918,False,26.46,-2,
144918,False,26.45,-2,
144920,False,26.47,-2,
144922,False,26.49,-2,
144923,False,26.49,-2,
144923,False,26.48,-2,
144925,False,26.48,-2,
144926,False,26.47,-2,
144926,False,26.47,-2,
144926,False,26.48,-2,
144926,False,26.48,-2,
144927,False,26.48,-2,
144932,False,26.47,-2,
144943,False,26.47,-2,
144943,False,26.47,-2,
144943,False,26.46,-2,
144944,False,26.47,-2,
144947,False,26.46,-2,
144950,False,26.46,-2,
144951,False,26.46,-2,
144951,False,26.46,-2,
144955,False,26.46,-2,
144955,False,26.47,-2,
144955,False,26.47,-2,
144958,False,26.45,-2,
144958,False,26.45,-2,
145002,True,26.43,-3,
145002,False,26.43,-3,
145002,False,26.43,-3,
145002,False,26.43,-3,
145002,False,26.45,-3,
145003,False,26.44,-3,
145003,False,26.43,-3,
145003,False,26.44,-3,
145003,False,26.44,-3,
145004,False,26.44,-3,
145004,False,26.43,-3,
145004,False,26.44,-3,
145005,False,26.44,-3,
145007,False,26.45,-3,
145011,False,26.44,-3,
145011,False,26.46,-3,
145015,False,26.45,-3,
145015,False,26.45,-3,
145016,False,26.45,-3,
145027,False,26.44,-3,
145032,False,26.44,-3,
145036,False,26.45,-3,
145036,False,26.45,-3,
145040,False,26.44,-3,
145044,False,26.45,-3,
145044,False,26.45,-3,
145058,False,26.43,-3,
145058,False,26.43,-3,
145058,False,26.44,-3,
145059,False,26.43,-3,
145100,True,26.44,-3,
145101,False,26.43,-3,
145104,False,26.44,-3,
145108,False,26.43,-3,
145108,False,26.42,-3,
145108,False,26.42,-3,
145108,False,26.42,-3,
145111,False,26.42,-3,
145113,False,26.42,-3,
145115,False,26.41,-3,
145115,False,26.42,-3,
145115,False,26.41,-3,
145115,False,26.42,-3,
145116,False,26.41,-3,
145118,False,26.42,-3,
145118,False,26.41,-3,
145118,False,26.41,-3,
145119,False,26.4,-3,
145119,False,26.4,-3,
145119,False,26.39,-3,
145119,False,26.4,-3,
145119,False,26.39,-3,
145119,False,26.38,-3,
145119,False,26.39,-3,
145119,False,26.38,-3,
145119,False,26.37,-3,
145119,False,26.37,-3,
145119,False,26.36,-3,
145119,False,26.36,-3,
145119,False,26.37,-3,
145119,False,26.37,-3,
145120,False,26.37,-3,
145120,False,26.37,-3,
145120,False,26.38,-3,
145120,False,26.38,-3,
145120,False,26.38,-3,
145120,False,26.38,-3,
145120,False,26.37,-3,
145121,False,26.37,-3,
145122,False,26.39,-3,
145122,False,26.4,-3,
145122,False,26.38,-3,
145123,False,26.38,-3,
145123,False,26.38,-3,
145124,False,26.38,-3,
145124,False,26.38,-3,
145127,False,26.38,-3,
145129,False,26.37,-3,
145129,False,26.37,-3,
145130,False,26.37,-3,
145130,False,26.37,-3,
145131,False,26.37,-3,
145132,False,26.37,-3,
145135,False,26.38,-3,
145136,False,26.39,-3,
145136,False,26.39,-3,
145136,False,26.38,-3,
145137,False,26.39,-3,
145137,False,26.39,-3,
145137,False,26.39,-3,
145139,False,26.4,-3,
145143,False,26.4,-3,
145144,False,26.4,-3,
145145,False,26.39,-3,
145146,False,26.41,-3,
145146,False,26.41,-3,
145147,False,26.4,-3,
145149,False,26.41,-3,
145149,False,26.41,-3,
145149,False,26.42,-3,
145150,False,26.4,-3,
145150,False,26.4,-3,
145150,False,26.4,-3,
145154,False,26.4,-3,
145154,False,26.39,-3,
145156,False,26.4,-3,
145200,True,26.39,-4,
145200,False,26.39,-4,
145202,False,26.38,-4,
145202,False,26.37,-4,
145202,False,26.37,-4,
145202,False,26.37,-4,
145202,False,26.38,-4,
145203,False,26.37,-4,
145204,False,26.38,-4,
145204,False,26.37,-4,
145205,False,26.39,-4,
145208,False,26.38,-4,
145216,False,26.38,-4,
145216,False,26.38,-4,
145216,False,26.38,-4,
145220,False,26.38,-4,
145223,False,26.37,-4,
145224,False,26.37,-4,
145224,False,26.37,-4,
145227,False,26.38,-4,
145230,False,26.39,-4,
145232,False,26.39,-4,
145234,False,26.38,-4,
145235,False,26.38,-4,
145235,False,26.38,-4,
145244,False,26.39,-4,
145244,False,26.4,-4,
145244,False,26.4,-4,
145247,False,26.41,-4,
145248,False,26.42,-4,
145248,False,26.4,-4,
145248,False,26.41,-4,
145249,False,26.42,-4,
145250,False,26.41,-4,
145252,False,26.43,-4,
145252,False,26.42,-4,
145254,False,26.42,-4,
145255,False,26.42,-4,
145255,False,26.42,-4,
145256,False,26.43,-4,
145256,False,26.43,-4,
145257,False,26.44,-4,
145257,False,26.44,-4,
145258,False,26.45,-4,
145258,False,26.45,-4,
145258,False,26.45,-4,
145258,False,26.45,-4,
145259,False,26.43,-4,
145300,True,26.45,-4,매수 진입: $26.48에 예약
145300,True,26.45,1,
145300,False,26.44,1,
145300,False,26.44,1,
145304,False,26.46,1,
145306,False,26.45,1,
145307,False,26.46,1,
145316,False,26.45,1,
145318,False,26.43,1,
145318,False,26.43,1,
145320,False,26.43,1,
145335,False,26.45,1,
145341,False,26.44,1,
145341,False,26.44,1,
145344,False,26.43,1,
145347,False,26.43,1,
145347,False,26.43,1,
145401,True,26.44,-1,
145401,False,26.44,-1,
145411,False,26.44,-1,
145412,False,26.43,-1,
145419,False,26.42,-1,
145419,False,26.42,-1,
145422,False,26.42,-1,
145435,False,26.43,-1,
145437,False,26.43,-1,
145437,False,26.43,-1,
145450,False,26.43,-1,
145450,False,26.42,-1,
145450,False,26.42,-1,
145450,False,26.42,-1,
145453,False,26.42,-1,
145456,False,26.43,-1,
145456,False,26.42,-1,
145456,False,26.42,-1,
145456,False,26.42,-1,
145456,False,26.42,-1,
145457,False,26.43,-1,
145502,True,26.43,-2,
145502,False,26.43,-2,
145506,False,26.43,-2,
145512,False,26.42,-2,
145513,False,26.41,-2,
